Label,AvgPredicted,AvgTrue
GGCCCCAGCTGCCTCCACGTGTCTCTTCTCCTGACT,0,0
CCAATATTCCTTTGTGAGACCCTCCACAAATGCTAA,1,1
TATTTTTAGTAGAAATGGGGTTTCACCATTGTTGGC,1,1
TGACTCAGTCAAGGCCACATGGCAAGTGAGTGGGTG,0,0
CTTCAGTGGCAGCTTCAGAAGGATAACCGGCACTTC,1,1
CGGCGCCTGAGTTACCATGCGGCCGTTACTAGGGCA,0,0
CCGGGGCTTAAGTTCCATGCGTTGGATTCCTCGCTT,0,1
TCCAATAAAAAAGAATAAAAAAGAAATACCTGGGTC,1,1
GCCCCCGACCCCGCGCACGCGGCCCCGCCCCGCGCG,1,0
CTGGAGCCTGAAGTCCACGCGCGCGGCTGAGAACCG,0,0
AGCCGCTGCCGCCCCCACGTGGCAAATCTGGGGCTC,0,0
CCGACCACTGGGATCCACATGTCCTTGTCTCTCAGG,1,1
CAATGACTGCTGGGGCACGTGCCAGCCTCGGTAGAG,0,0
TTTCTGCCTCCCAGGCACATGGAGGGTTGACACCTC,0,0
AATCAGAGAAACTCACACGCGGAGTTTTAAATAATG,0,0
TAAGGGGTGACCCAGCCGCTGCAGAGCCAGGGAAGG,1,1
TGTGGAGCAAGGGAGACAGAAGCTCATTGGCTAGAG,1,1
ATTAGCCAAACTAAACACGTGTATTGATTTTAGATG,0,0
GGGCTCCCAGGGGCTGCTGCTGCCTTTCCGGTCTTG,1,1
TTAGAATGAAAAATAATCTTTAGAATCTAAACTCCA,1,1
CTCAGGAACAAGAGGGGCCCTCGACCCTCTGGAACC,1,1
GCGCAGCGAGGGCTGCACGCTGCCCGGACGCCGGCT,0,1
GTCCTATGGAGCAGCCACGCGGAGCGCTCCCCTGGG,0,0
ATACTCCACCTAGACCTCATGGCCTCGCCACTCTCA,1,0
AACCACTCGACTGACCTCGTGGTCAAATTCCTTACT,0,0
GAGAATGGGGTGAACCCGGGAGGCGGAGCTTGCAGT,1,1
TCCTTATTACCAAACCTCGTGCCACAAATGGCCCCA,0,0
CCAGCCTGGACCGCCCCTGTGGGCTCCACTCCCCTC,0,1
AGAGAAGCAGAGATCCACGAGGTATTGAGAGCAACG,0,0
ATCCCTGGCTGTTTCCATGTGGCAGATCTGAGGAGC,1,0
GCGCTGGGAGGCGAACACGTGCCCGCCGCCCCATCC,0,0
GGTTACCCGGGCAACCGCATGGTCTCGCGATACATA,1,0
AACTTGAGATGTCCCCACGTGCCCCTCCCCCTCAGC,0,0
CGGCTTTTTCTTGAACACGTGGAATATACTAGCGCT,0,0
GGCGCTCAATCTATGGTAGACTTCAATGAAAAACTG,1,1
CTTTAGATTTTTTTCTTACCTTGTTCTAGCAATTAG,1,1
GCCCCGGTCTTACTCCTGGGCCTCTGGATTTGGGCC,1,1
TGCACCTCCCCGGACCTCGTGGTGAGGGAGAAAGCT,0,0
CCGGCCGGGCCCGGCCGCGTGCGCGCGGGAGGCGGG,0,0
GTGCAATCGCCCAGGGAACCCAAAAAGGAGCCCCGG,1,1
CCACTGCACTCCGGCCTCGTGGCGGGCGACCTCCTC,0,0
CCAGCTCTCCACCGCCGCGTGCGCCTGCAGACGCTC,0,0
TCCAGTGGCCCCAGGAGGGCCTGGGTGCTCCTCTGC,1,1
TCTCCCCTTCCTCTCCGCGTGGCGGGCGCGGGTGCG,0,0
TTCCTACTAACAGCGAGCTTCCGCCAATACTTGTTC,1,1
CTGACTGACTGAGGACACGTGCCAGTGGTCCGCCAG,0,0
TATTGAGGGCCGCACCACGCGGTCGCCCTGCGCGGC,0,0
CACCCCTCCCGCGGGCACGTGCCCAGGCTTGCAGGC,0,0
ACATAGGGACGGGGCCATGCGGTGGGCGGGTGGAAC,0,0
AGGTAGTTTTCATAGTTTTTTTTTTTTTAACTTTTT,1,1
GAGATGGGCAGACGGCACGAGGAGTCGGGCAGCAGT,0,1
TTTTCTTTCCGTGGCCACGTGCAGACTGGCCCAGGT,0,0
AGAGGTAGGGTTAGGCGCGTGCCGCGAGAACAGAGT,1,1
TAACCTAAAAGTGGCCATGAGGTCTGAGATGCTATT,0,0
CTGGGTGTGGCCTGGCACGTGGCTCACACTTGTAAT,0,0
TGTTTTGTTTTATTTTTTTCCCCAGCAGTGAATCTA,1,1
CCTAGGATTCCCAGGCAGTTTTACAGCTACCCTGGA,1,1
ATTGCCCGAGCCCGCCACGTGGCAGTCTGGGCCGAA,0,0
ATCAAAATATGAGAGCACATGTTTGCTGCCATTAGA,0,0
AGCGAGCCCAGGTGGCACGTGTCAGCCAGGCAGCCC,0,0
CAACTGGCTTTCAAACATGTGGTGTGCACAGTTGGT,0,0
GAGCAACAGGGACCCCACGTTGGTGACCCTCCGCGG,0,1
GCCTTTCTCAGGCTCCACGTGGTGACGAGATGGTTG,0,0
GTCGGCTATCGCTTTGCCTCGAGCTTCCTGCTGATG,1,1
TGCGACCTTGAAGGCCGCATGGTTGTGTAACATCTT,0,0
AGAGCAAGGGCCCAGCAGAGGAGGAATTCCAGGGGA,0,1
CTTTCTGGTTCTTTGCATGCGTTTGTCACTTTTTCT,1,1
ACATTTTTGGCCTGCAACGTGGGGACTCAAGAAGCA,0,0
CAGCCTGTTGTTGGCCAGATGGTCTGGGGTGAAACT,0,1
TTGTGCCTGGGCCACCATGTGCCTTAAATTATAAAG,0,0
CCCCGCACCCACACGCGCGTGGAAGGGCCTGGATTC,0,0
TTTTGTTTTTTCTGTGTCCATTATTTAGTACCCAGT,1,1
GGCGGCGGCAGCTGCAGCGTGCAGCGCTGGGAGGCC,0,1
TCATCAGGAAACTGAGACCAGAGAGGTCATCTGCCT,1,1
GCGGCCGGCCCCGCGCAGCGTCCCTGATCTAGGGGC,1,1
CGGGCCCAGCCGAGCAACGTGGGGCGAAGGCGGCGG,0,1
TTAACTGCCCAAGGACACATGCCCTGGGCTGGAACC,0,1
AACCTAAAACAAAAAATCTATTATCTGATTGCAGGT,1,1
CCTCAGGGACTAGCTCTGTGAAACTGGCAGACTCCA,1,1
GTACACAATTTTTTACAAAATTTAAATTAAAACAAA,1,1
CCGAGGAGGGCGGACCACGAGGTCAGGAGATGGAGA,0,0
TCTTGGTCTGAAGAGCACATGGCATGTCAAGGTCAC,0,0
CTGCCAGAATCCGCCCACATGGCCCAAGCCCCGCCC,0,0
CAGCTCAGAGCCCACCACGTGCCTCTGCAGCTTCTG,0,0
TACCACCTAATTTACAGGGCTGTAGTGAGGATTACA,1,1
TCCCCTTGGGAAGAGCACGCGGCGTTGCCAGGCCAA,0,0
CTGCCTGCTGGCGGCCATGTGCGCGCCCATCCCCCA,0,0
GAGGACGCGAACCGGCACGCTGCGCCTTTAAGGAGT,0,1
TGCTTGCTTCTTTACCATGTGCTCAGAGGCCACTTA,0,0
ATCCGAAACCCAGCCCACGTGGGTTCCCAGACCACC,0,0
CGGTGTCCTGGAGGGTCAGGTCAAGAGAGACTTGTG,1,1
TACCAGGCATAGGACATTTTCCTTTAATCCTAATAA,1,1
TCAAGTCCTGCCTCCAGCGTGCAGTAGCTCTGTAAG,0,1
TCCGCCTCCGTCCCCCACGTTGCGTTCTGGGAGTTG,0,0
TTAGAAAAATAGTTTAAAATCTAGAGTTAATTAACC,1,0
TTTTTTTTTTTTTTGAGAAAATGAAGACAATTATCT,1,1
CAGTAAGAGCAAAACCTCGTGCCCCCCCCGCCCCCC,0,1
GAACAGACTGGCCTCCACATGTTAAGTAAAACATTT,0,0
GGCCCTTACTCCCTTCGGCTCCTAGCCCCGGCCCCG,1,1
AGAGGGGAATCTTTCCACGTGCACCCAGTTCTTTTT,0,0
TTTCCCCTCGGGCTCCACGAGGATCTCGGGCGCCAG,0,1
AAGAGATGAGAAATACACGTGTTTGGACAAAAGACT,0,0
CACTCCACTCCAGTTCACTCTATTCAGTTCCACTCC,1,1
AGTAAACAGTCCGTTAATGAAATTTGCAGAGGATAT,1,1
ACCAACCCCTTGGGGCACGTGTTCTCAGGAGTTCCT,0,0
GTGAGTCCCAGCTAATCCGAGCGGACAGGCCTGAAT,1,1
CCCGGCGAGTCCCGGCCACCCGGCGCAGCCCTGGGC,1,1
GCGGGGTGGAGCGAGCACGCGGGCGGGGCGGGGCGG,0,0
TCTCACCCCTATGGACAGGATCAAGTACTGTGGCTC,1,1
CCTGTAGACGTCGGCCACGCGGCCGAGGCATACGGC,0,0
CTGTCCTCTCTCGCCCACGCTGCCTGGGAGGCGCGC,0,0
ATCTGTCACCATTAGCACATGGTGCTGTCGTCCCAT,0,0
CTCAGGGCAGTTGGGCACGTGGGGTCCGGCTGGTTG,0,0
GTAGTGCATAGCTACCTCATGGGCTACAGCCAGCTC,1,1
GCAGCCGAGGCGGAGAGAGAGAGAGGACAGCTTACG,1,1
CCCCTTCTTAAACCCCATGCGGTCCCGGCCCGGGCC,0,0
AAGCTACTTGACTGCCACGTGCTCCTGCCTCGCAAC,0,0
TTTCTCTACCAAATCCACGTGGAGGCGCAGGCCAGA,0,0
ATTAGTCAGTGGAGACATGTGCTGGACTTACTCAGT,0,0
CATTAAATGGCACCACAATCTTAAATGCCCATCCAG,1,1
CCCCCAGCGCTCCGGCACGCGCCGGGAGACCTCCGG,0,1
GCAACGCCCCCTTCCCACGTGGTCTTCTCCCTCTCC,0,0
TCCTAAACAGGAAGCCATGAGGTGAGCAGAGACACT,1,1
GGAAGCTGTGAAATCCGCGTGCACACCCATCCCAAA,1,0
AGAACCTCTGGCTCGCGCGTGCCTTTTCCCCTCAGG,0,1
CGAAGAAAAAGAGCCTGAGAGACGGAGAAAGAGCGA,1,1
CTCAGCCCTTGGCGCCGCGTGGCTCTCCGCCCCTCT,0,0
GTGGAGCAGATGTGGCATGTGTCCCGGGCTTCCTGC,0,1
CTCGGAGCCTTGCCCCACGCGGAGAGGGCAGCCGGA,0,0
AGTCATACACAAGGCCATGTGCTCATCCAGAAAGCG,0,0
CTTAAAATGAAAACAAGTTTTCTAGCCACAGGAAGA,1,1
AGAGTTTAATTTATTGAAGCCATTTCTACTTTTATT,1,1
TGGAAAGTAAATAATCCATTTAAGACAGAACAATAG,1,1
TAGAGCAAGAGGGAGGGAGCAAAGGCACTGCGGAGG,1,1
GACACTAAGCTTCTTCCCAGGTTTTCAGATTCCGAA,0,1
TCACTCGGGCACTTCCGCGTGGAATAGGAGGCGCCA,1,0
TTAGAACCTCAACCTCCTCTGCAAAATGGAGCTGAC,0,1
CCGGGAGGCGGTTAGCACGTGGATGAAGGTGCCCAT,0,0
GCCAGGGACAGCTCCCACGTGCCCCGCGGCCTCTGG,0,0
TGACCTTGGCCAGGCCACGTGGGCGCCCCCTGTCTC,0,0
GGGCGGCCCGCGGGCCATGCGTTCGGCGCGGCCCAG,0,0
ATGGGTGGCACTCAATCTGCAAATGCAAAAACAAGA,1,1
ATCTGATCAAAACAACGAATTCCAAAACAAAGTAAT,1,1
GGCTCGCCTGAGGGCAACGTGGGGCTTCCTGCTTTG,1,1
