Label,Predicted,True
TGCTTGCTTCTTTACCATGTGCTCAGAGGCCACTTA,2,2
GGCAGATGCTGGGAGCACGAGGCAATTTCTTTATGA,2,1
GCGCTGGGAGGCGAACACGTGCCCGCCGCCCCATCC,2,2
TATTTTTAGTAGAAATGGGGTTTCACCATTGTTGGC,0,0
AGCGAGCCCAGGTGGCACGTGTCAGCCAGGCAGCCC,2,1
CATTAAATGGCACCACAATCTTAAATGCCCATCCAG,0,0
TTAGAAAAATAGTTTAAAATCTAGAGTTAATTAACC,0,1
CTTCAGTGGCAGCTTCAGAAGGATAACCGGCACTTC,0,0
CGGCGCCTGAGTTACCATGCGGCCGTTACTAGGGCA,1,1
CAACTGGCTTTCAAACATGTGGTGTGCACAGTTGGT,2,1
CCGGGGCTTAAGTTCCATGCGTTGGATTCCTCGCTT,1,0
TCCAATAAAAAAGAATAAAAAAGAAATACCTGGGTC,0,0
CTGGAGCCTGAAGTCCACGCGCGCGGCTGAGAACCG,2,1
GCGCTGGGAGGCGAACACGTGCCCGCCGCCCCATCC,2,2
CCGACCACTGGGATCCACATGTCCTTGTCTCTCAGG,0,0
TTTCTGCCTCCCAGGCACATGGAGGGTTGACACCTC,2,1
CCGACCACTGGGATCCACATGTCCTTGTCTCTCAGG,0,0
AATCAGAGAAACTCACACGCGGAGTTTTAAATAATG,2,2
TATTTTTAGTAGAAATGGGGTTTCACCATTGTTGGC,0,0
ATTAGCCAAACTAAACACGTGTATTGATTTTAGATG,2,2
TTCCTACTAACAGCGAGCTTCCGCCAATACTTGTTC,0,0
TTAGAAAAATAGTTTAAAATCTAGAGTTAATTAACC,0,1
GGGCTCCCAGGGGCTGCTGCTGCCTTTCCGGTCTTG,0,0
CTCAGGAACAAGAGGGGCCCTCGACCCTCTGGAACC,0,0
CATTAAATGGCACCACAATCTTAAATGCCCATCCAG,0,0
GGGCTCCCAGGGGCTGCTGCTGCCTTTCCGGTCTTG,0,0
GTCCTATGGAGCAGCCACGCGGAGCGCTCCCCTGGG,2,1
ATACTCCACCTAGACCTCATGGCCTCGCCACTCTCA,0,1
TTTCTGCCTCCCAGGCACATGGAGGGTTGACACCTC,1,1
CTTCAGTGGCAGCTTCAGAAGGATAACCGGCACTTC,0,0
GGCAGATGCTGGGAGCACGAGGCAATTTCTTTATGA,2,1
AACCACTCGACTGACCTCGTGGTCAAATTCCTTACT,2,2
CCGGGGCTTAAGTTCCATGCGTTGGATTCCTCGCTT,1,0
TCCAATAAAAAAGAATAAAAAAGAAATACCTGGGTC,0,0
CAACTGGCTTTCAAACATGTGGTGTGCACAGTTGGT,2,1
GAGAATGGGGTGAACCCGGGAGGCGGAGCTTGCAGT,0,0
AATCAGAGAAACTCACACGCGGAGTTTTAAATAATG,2,2
TTCCTACTAACAGCGAGCTTCCGCCAATACTTGTTC,0,0
GTTACCAAATATGGACACGTGTATTAAGTTGTGAAG,2,2
AGCGAGCCCAGGTGGCACGTGTCAGCCAGGCAGCCC,2,1
GCCAGGGACAGCTCCCACGTGCCCCGCGGCCTCTGG,2,1
GTTACCAAATATGGACACGTGTATTAAGTTGTGAAG,2,2
ATACTCCACCTAGACCTCATGGCCTCGCCACTCTCA,0,1
TCTCACCCCTATGGACAGGATCAAGTACTGTGGCTC,0,0
CCAGCCTGGACCGCCCCTGTGGGCTCCACTCCCCTC,2,0
GTCCTATGGAGCAGCCACGCGGAGCGCTCCCCTGGG,2,1
CTGGAGCCTGAAGTCCACGCGCGCGGCTGAGAACCG,2,1
AACCACTCGACTGACCTCGTGGTCAAATTCCTTACT,2,2
GCCAGGGACAGCTCCCACGTGCCCCGCGGCCTCTGG,2,1
CCAGCCTGGACCGCCCCTGTGGGCTCCACTCCCCTC,2,0
CGGCGCCTGAGTTACCATGCGGCCGTTACTAGGGCA,1,1
TCTCACCCCTATGGACAGGATCAAGTACTGTGGCTC,0,0
ATTAGCCAAACTAAACACGTGTATTGATTTTAGATG,2,2
AGAGAAGCAGAGATCCACGAGGTATTGAGAGCAACG,2,1
TGCTTGCTTCTTTACCATGTGCTCAGAGGCCACTTA,2,2
GAGAATGGGGTGAACCCGGGAGGCGGAGCTTGCAGT,0,0
CTCAGGAACAAGAGGGGCCCTCGACCCTCTGGAACC,0,0
AGAGAAGCAGAGATCCACGAGGTATTGAGAGCAACG,2,1
