Name,SEQUENCE,Mean Intensity,Probe,Log Intensity,12mer,10mer,8mer,6mer,new_label
Unbound_Myc2_090,GTACACAATTTTTTACAAAATTTAAATTAAAACAAA,932,Unbound,6.837332814685591,TTACAAAATTTA,TACAAAATTT,ACAAAATT,CAAAAT,unbound
Unbound_Myc1_033,GCAGCCGAGGCGGAGAGAGAGAGAGGACAGCTTACG,1093,Unbound,6.996681488176539,GAGAGAGAGAGA,AGAGAGAGAG,GAGAGAGA,AGAGAG,unbound
Unbound_Myc1_128,AGGCCCAGGAAGAACAATGGCTCTGCCAACTGGGCA,1142,Unbound,7.040536390215956,AACAATGGCTCT,ACAATGGCTC,CAATGGCT,AATGGC,unbound
Unbound_Myc1_065,CTTCCTCACCTGCAGACTTCCTTCCCTGAGTCCCAG,1282,Unbound,7.156176637480615,CAGACTTCCTTC,AGACTTCCTT,GACTTCCT,ACTTCC,unbound
Unbound_Myc1_070,TGAGGGTCAGAGGCACCCCTTCCTGGAATCTCCTTC,1444,Unbound,7.275172319452771,GCACCCCTTCCT,CACCCCTTCC,ACCCCTTC,CCCCTT,unbound
Unbound_Myc2_075,TTACAGCGTTAAGTATGGGTTGAAAACCAACTTTCC,1611,Unbound,7.384610383176974,GTATGGGTTGAA,TATGGGTTGA,ATGGGTTG,TGGGTT,unbound
Bound_004417_001_000,GCCCTGGGAGGCCAACGCATGCCAGCTGAGGCAAGA,1788,Bound,7.488852955733459,CAACGCATGCCA,AACGCATGCC,ACGCATGC,CGCATG,unbound
Bound_002550_001_000,TGAAAGGCCTGTGGGCACGCGCCGCCCGCAGCCTTA,1892,Bound,7.545389749611823,GGGCACGCGCCG,GGCACGCGCC,GCACGCGC,CACGCG,unbound
Bound_023280_111_000,CCCAAGGAAAGTGTCCTCGTGCAGGGAGGACTGCCT,2163,Bound,7.679251425953058,GTCCTCGTGCAG,TCCTCGTGCA,CCTCGTGC,CTCGTG,unbound
Bound_020894_001_000,CGCGAGCTATATCTGCGCGTGGAGCTGAGTGACGTA,2354,Bound,7.763871287820222,CTGCGCGTGGAG,TGCGCGTGGA,GCGCGTGG,CGCGTG,weak
Bound_013194_001_001,CCCTGCGCCTCTCTCCATGCGCACCCGCAGTTTTCA,2666,Bound,7.888334500738654,CTCCATGCGCAC,TCCATGCGCA,CCATGCGC,CATGCG,weak
Bound_011161_001_000,CCCAACTGAGCCATACATGTGCAGCTTGAGATAAAA,2882,Bound,7.966239776559467,ATACATGTGCAG,TACATGTGCA,ACATGTGC,CATGTG,weak
Unbound_Myc1_054,CCTAGGATTCCCAGGCAGTTTTACAGCTACCCTGGA,952,Unbound,6.858565034791365,AGGCAGTTTTAC,GGCAGTTTTA,GCAGTTTT,CAGTTT,unbound
Unbound_Myc1_132,TAAGGGGTGACCCAGCCGCTGCAGAGCCAGGGAAGG,1085,Unbound,6.98933526597456,CAGCCGCTGCAG,AGCCGCTGCA,GCCGCTGC,CCGCTG,unbound
Unbound_Myc1_027,TCTCTGGCCTCGGGTAACTTTTCCCTCCAGTTTGGT,1185,Unbound,7.077498053569231,GGTAACTTTTCC,GTAACTTTTC,TAACTTTT,AACTTT,unbound
Unbound_Myc2_013,GAATGAATGAATGAATTAGTGAATGAATGAATGAAT,1298,Unbound,7.168579897264035,GAATTAGTGAAT,AATTAGTGAA,ATTAGTGA,TTAGTG,unbound
Unbound_Myc2_078,AATTCTCAGTTGTAATTTCTCAACAGGATAGAGCTA,1403,Unbound,7.246368080102461,TAATTTCTCAAC,AATTTCTCAA,ATTTCTCA,TTTCTC,unbound
Unbound_Myc1_089,ACACCAAAGGTTGCGGCAGAGGGGCAAGTTTTGCAT,1500,Unbound,7.313220387090301,GCGGCAGAGGGG,CGGCAGAGGG,GGCAGAGG,GCAGAG,unbound
Unbound_Myc2_130,AGGTAGTTTTCATAGTTTTTTTTTTTTTAACTTTTT,1668,Unbound,7.419380582918692,TAGTTTTTTTTT,AGTTTTTTTT,GTTTTTTT,TTTTTT,unbound
Bound_003251_000_010,GGGGCACCTGGTGGGCACGCTGGGCCGAGTGACGGA,1914,Bound,7.5569505720129,GGGCACGCTGGG,GGCACGCTGG,GCACGCTG,CACGCT,unbound
Bound_010758_001_000,TGGGCGGTGCTCCGCAGCGTGGGCCTATGGGAAATG,2045,Bound,7.623153068476902,CGCAGCGTGGGC,GCAGCGTGGG,CAGCGTGG,AGCGTG,unbound
Bound_018128_111_111,GAAGCCTTGGGAAGGCACGAGGACGACAGGGTCTTC,2220,Bound,7.705262474866325,AGGCACGAGGAC,GGCACGAGGA,GCACGAGG,CACGAG,weak
Bound_015117_100_000,GAAATCAGGCCCTTCCATGAGGTACATTTCAGCCCA,2524,Bound,7.833600223661103,TTCCATGAGGTA,TCCATGAGGT,CCATGAGG,CATGAG,weak
Bound_023270_001_001,TATGTAACGATCTTGCACATGTATGTTTGAACAAGA,2931,Bound,7.983098940710892,TTGCACATGTAT,TGCACATGTA,GCACATGT,CACATG,weak
Unbound_Myc1_150,CCAGCCTGGACCGCCCCTGTGGGCTCCACTCCCCTC,956,Unbound,6.862757913051401,GCCCCTGTGGGC,CCCCTGTGGG,CCCTGTGG,CCTGTG,unbound
Unbound_Myc2_046,CACTCCACTCCAGTTCACTCTATTCAGTTCCACTCC,1063,Unbound,6.968850378341948,GTTCACTCTATT,TTCACTCTAT,TCACTCTA,CACTCT,unbound
Unbound_Myc1_068,CTCAGGCCCCAGGTCTCAGAGCCTGGTCTCAGGCCT,1135,Unbound,7.034387929915503,GTCTCAGAGCCT,TCTCAGAGCC,CTCAGAGC,TCAGAG,unbound
Unbound_Myc2_049,TAATTTAGAACAAGGGGCAGATAACGGTACATTAGA,1291,Unbound,7.1631723908466425,AGGGGCAGATAA,GGGGCAGATA,GGGCAGAT,GGCAGA,unbound
Unbound_Myc2_029,CCCATTTTTCATCTTTAAAATGAAGAAGATAAAGCC,1388,Unbound,7.23561914106675,CTTTAAAATGAA,TTTAAAATGA,TTAAAATG,TAAAAT,unbound
Unbound_Myc2_146,AAAATTGAGAAGTGATTAAAAAAAAAATTATGGCCT,1626,Unbound,7.3938782901077555,TGATTAAAAAAA,GATTAAAAAA,ATTAAAAA,TTAAAA,unbound
Unbound_Myc1_053,TCCAGTGGCCCCAGGAGGGCCTGGGTGCTCCTCTGC,1738,Unbound,7.460490305825338,AGGAGGGCCTGG,GGAGGGCCTG,GAGGGCCT,AGGGCC,unbound
Unbound_Myc1_100,TTTATAGCTGGCAGCTCTGCTGGCCTGTCTGTCCCT,1916,Unbound,7.557994958530806,AGCTCTGCTGGC,GCTCTGCTGG,CTCTGCTG,TCTGCT,unbound
Unbound_Myc2_015,GGAAATTGAGGTAAGAGCTATTTTTCCTTTAAACCT,2030,Unbound,7.615791072035833,AAGAGCTATTTT,AGAGCTATTT,GAGCTATT,AGCTAT,unbound
Bound_000459_001_000,TCCCCTTGGGAAGAGCACGCGGCGTTGCCAGGCCAA,3159,Bound,8.058010800802085,GAGCACGCGGCG,AGCACGCGGC,GCACGCGG,CACGCG,weak
Bound_018401_011_001,GGAAGCTGTGAAATCCGCGTGCACACCCATCCCAAA,3448,Bound,8.145549631783584,ATCCGCGTGCAC,TCCGCGTGCA,CCGCGTGC,CGCGTG,weak
Bound_005544_110_000,TCAGAAAGAATTGAGCACATGTCTGTAGACTTTTGC,3842,Bound,8.253748343328501,GAGCACATGTCT,AGCACATGTC,GCACATGT,CACATG,weak
Bound_020985_011_000,GGTTTTCCCTTGACCCATGTGGGTGGGCTGGCGCAC,4423,Bound,8.394573477868327,ACCCATGTGGGT,CCCATGTGGG,CCATGTGG,CATGTG,weak
Bound_002399_001_000,ACGGTGCGCGACCACCTCGTGGGCCGCTGGATCCGC,4895,Bound,8.49596955496461,CACCTCGTGGGC,ACCTCGTGGG,CCTCGTGG,CTCGTG,weak
Bound_014611_101_100,AGGTCGCTCCCCGGCCATGCGGGCGCTGCGGGCCGG,5048,Bound,8.52674740422105,GGCCATGCGGGC,GCCATGCGGG,CCATGCGG,CATGCG,weak
Bound_005774_110_000,TCACTGATTCACCACCGCATGGCCTGGGCGTTCCTT,5623,Bound,8.634620608292202,CACCGCATGGCC,ACCGCATGGC,CCGCATGG,CGCATG,weak
Bound_002610_101_000,CACTACAAAAGCTCCCACGAGGGCGGCCGCCCCCAC,6562,Bound,8.789050713521046,TCCCACGAGGGC,CCCACGAGGG,CCACGAGG,CACGAG,weak
Bound_016549_001_001,CTTGTCCACCGACTCCACGTGCCGGTTGCAGCGCCA,6842,Bound,8.830835365537549,CTCCACGTGCCG,TCCACGTGCC,CCACGTGC,CACGTG,weak
Bound_011467_100_000,ACAGGTCCCGTCCGCCATGAGGTTGTCGATGTAGGC,3149,Bound,8.054840221101024,CGCCATGAGGTT,GCCATGAGGT,CCATGAGG,CATGAG,weak
Bound_009412_001_000,TCAGCTCTTTGTCCCCACGTTGCCTTGCCCTGCCCT,3354,Bound,8.117908942383155,CCCCACGTTGCC,CCCACGTTGC,CCACGTTG,CACGTT,weak
Bound_014111_100_000,TCTAACGTACAACACCTCATGGTTATTTTTATGAGT,3768,Bound,8.234299635696253,CACCTCATGGTT,ACCTCATGGT,CCTCATGG,CTCATG,weak
Bound_016439_001_000,ACATTTTTGGCCTGCAACGTGGGGACTCAAGAAGCA,4081,Bound,8.314097335405807,TGCAACGTGGGG,GCAACGTGGG,CAACGTGG,AACGTG,weak
Bound_002253_001_010,CTGTCCTCTCTCGCCCACGCTGCCTGGGAGGCGCGC,3008,Bound,8.00903068506973,GCCCACGCTGCC,CCCACGCTGC,CCACGCTG,CACGCT,weak
Unbound_Myc2_147,TTAGAAAAATAGTTTAAAATCTAGAGTTAATTAACC,2989,Unbound,8.002694162283937,TTTAAAATCTAG,TTAAAATCTA,TAAAATCT,AAAATC,weak
Bound_006509_001_000,CGGGTCCGGGGAAACCATGCGTGTCACGGCGCCACT,3099,Bound,8.038834757787749,AACCATGCGTGT,ACCATGCGTG,CCATGCGT,CATGCG,weak
Bound_019636_111_101,GGTTCAATCAGGATCCACATGTTGAAAGCAAAGGCC,3586,Bound,8.184792654165078,ATCCACATGTTG,TCCACATGTT,CCACATGT,CACATG,weak
Bound_005541_001_001,GAGACCCGCCTGACCCACATGGAGAAATGCCGTCTC,3976,Bound,8.288031567776464,ACCCACATGGAG,CCCACATGGA,CCACATGG,CACATG,weak
Bound_011345_000_110,GAGGGCCCGTCTCAACATGTGCTTCTGCTGTCCTGG,4169,Bound,8.335431477880796,CAACATGTGCTT,AACATGTGCT,ACATGTGC,CATGTG,weak
Bound_016818_001_000,CTATTGCCTTTTCTCCGCGTGGCCCCGCCTGCAGCC,4739,Bound,8.463581421967588,CTCCGCGTGGCC,TCCGCGTGGC,CCGCGTGG,CGCGTG,weak
Bound_017778_111_000,CGCACTCACCAGCACCACGCGGGCTCCCCGGCCTCT,5272,Bound,8.570165076182343,CACCACGCGGGC,ACCACGCGGG,CCACGCGG,CACGCG,weak
Bound_001208_001_000,GCTGCAGCAGGGCGCCATGTGCTGGAGCGCGCCTGC,5855,Bound,8.675051276031818,CGCCATGTGCTG,GCCATGTGCT,CCATGTGC,CATGTG,weak
Bound_024812_111_111,CCGCTCGCCCATTCGCACATGGCTTCTCAAGGATCG,6586,Bound,8.792701462936309,TCGCACATGGCT,CGCACATGGC,GCACATGG,CACATG,weak
Bound_016966_111_110,CGGGCCTCCCTCGGACACGTGCCCTCGTTAGCCTTG,7331,Bound,8.899867211223587,GGACACGTGCCC,GACACGTGCC,ACACGTGC,CACGTG,weak
Bound_014262_001_000,AGCCGGGCTCCCAGGCACGTGGGTCTCTGCGGCTGC,7747,Bound,8.955060950631902,AGGCACGTGGGT,GGCACGTGGG,GCACGTGG,CACGTG,weak
Bound_010837_001_000,GCTCCGGGAGGAAAACACGCGGAACAGCTGCCCACC,3257,Bound,8.088561805276234,AAACACGCGGAA,AACACGCGGA,ACACGCGG,CACGCG,weak
Bound_024384_100_000,CAATTATCCAGAGAGCACGAGGCTCAAAGCCAAAAT,3439,Bound,8.142936010432265,GAGCACGAGGCT,AGCACGAGGC,GCACGAGG,CACGAG,weak
Bound_005153_000_100,TGTGGACAGATCTGACATGTGGAGTGAGGGATGACT,3823,Bound,8.248790733696413,TGACATGTGGAG,GACATGTGGA,ACATGTGG,CATGTG,weak
Bound_025642_001_101,GTTCCGTTTCGCTGCCTCGTGCTACCCCTACAGCCT,4212,Bound,8.345692873253865,TGCCTCGTGCTA,GCCTCGTGCT,CCTCGTGC,CTCGTG,weak
Bound_010510_100_100,CCCCGCCGCAGAGCACGCATGGCGCGCAGCCATTGC,4471,Bound,8.405367376233981,GCACGCATGGCG,CACGCATGGC,ACGCATGG,CGCATG,weak
Bound_005521_001_001,CCCCGCACCCACACGCGCGTGGAAGGGCCTGGATTC,5061,Bound,8.529319371214077,ACGCGCGTGGAA,CGCGCGTGGA,GCGCGTGG,CGCGTG,weak
Bound_025370_111_000,GGCCCTCTTGCAGGGCACGTGCCGCACTCACCCCCT,5682,Bound,8.645058562414134,GGGCACGTGCCG,GGCACGTGCC,GCACGTGC,CACGTG,weak
Bound_018412_111_101,CAGGAGCCAAGCCGGCACGTGTTGCTGGGTCCCATT,6306,Bound,8.749256840105007,CGGCACGTGTTG,GGCACGTGTT,GCACGTGT,CACGTG,weak
Bound_001799_111_100,GCTCGGCCCCTCCCCCACGCGGTCCCGCTGGCTGTG,8839,Bound,9.086929027060949,CCCCACGCGGTC,CCCACGCGGT,CCACGCGG,CACGCG,strong
Bound_011137_110_000,GTAACGCAGACTGCGCACATGGCTTCAATTAGCGGA,9090,Bound,9.114930187171524,GCGCACATGGCT,CGCACATGGC,GCACATGG,CACATG,strong
Bound_005262_111_111,GGAGGAGACGAGGGCCACGTGCAGAGCCTTGGGTCC,10067,Bound,9.217018026729423,GGCCACGTGCAG,GCCACGTGCA,CCACGTGC,CACGTG,strong
Bound_017242_001_000,CGCCCAGCCCTTGGCCGCGTGGCTTCTCCTGCAGGA,12077,Bound,9.399058096275375,GGCCGCGTGGCT,GCCGCGTGGC,CCGCGTGG,CGCGTG,strong
Bound_013968_111_100,CCCCTTCTTAAACCCCATGCGGTCCCGGCCCGGGCC,12281,Bound,9.415808631610384,CCCCATGCGGTC,CCCATGCGGT,CCATGCGG,CATGCG,strong
Bound_011514_010_000,ATCTGAGAGGTGTGCCATGTGGCCGGAGACTGTAGA,8939,Bound,9.098179005087852,TGCCATGTGGCC,GCCATGTGGC,CCATGTGG,CATGTG,strong
Bound_023418_001_000,AACCACTCGACTGACCTCGTGGTCAAATTCCTTACT,9625,Bound,9.172119159155985,GACCTCGTGGTC,ACCTCGTGGT,CCTCGTGG,CTCGTG,strong
Bound_021820_000_100,CCGAGGAGGGCGGACCACGAGGTCAGGAGATGGAGA,10191,Bound,9.229260256828692,GACCACGAGGTC,ACCACGAGGT,CCACGAGG,CACGAG,strong
Bound_026311_001_001,GGTTACCCGGGCAACCGCATGGTCTCGCGATACATA,9393,Bound,9.147720009994517,AACCGCATGGTC,ACCGCATGGT,CCGCATGG,CGCATG,strong
Bound_015710_110_000,CTTATGACAATGCACCATGTGCTTCTTATCTTATCA,8224,Bound,9.014811987694946,CACCATGTGCTT,ACCATGTGCT,CCATGTGC,CATGTG,strong
Bound_016892_011_000,GTGTAATCCACCCGGCACGTGTTTAATCGGACTCCA,9040,Bound,9.109414453386222,CGGCACGTGTTT,GGCACGTGTT,GCACGTGT,CACGTG,strong
Bound_021307_001_000,GAGCACTGTGACCTGCACGTGGGTTGGAAACCACTT,10734,Bound,9.281171552736774,CTGCACGTGGGT,TGCACGTGGG,GCACGTGG,CACGTG,strong
Bound_021730_010_000,CTTCCCTGGGAGGGACACGTGGACCCCAAGAGTCCG,11847,Bound,9.37982994995476,GGACACGTGGAC,GACACGTGGA,ACACGTGG,CACGTG,strong
Bound_016858_111_101,GCCTGGATAGAGCTCCACGTGTCCGACATCCTAGTC,12576,Bound,9.439545514668987,CTCCACGTGTCC,TCCACGTGTC,CCACGTGT,CACGTG,strong
Bound_015323_010_000,ACAAGAATGAATTGACACGTGTCTCAGGAGTGCCAA,14567,Bound,9.586513975448948,TGACACGTGTCT,GACACGTGTC,ACACGTGT,CACGTG,strong
Bound_006750_010_000,TGGCTGAGGCCACCCCACGTGGCCACACTGGGGCTT,16307,Bound,9.699349742461278,CCCCACGTGGCC,CCCACGTGGC,CCACGTGG,CACGTG,strong
Bound_018604_000_001,AATCAGAGAAACTCACACGCGGAGTTTTAAATAATG,16910,Bound,9.735660441892628,TCACACGCGGAG,CACACGCGGA,ACACGCGG,CACGCG,strong
Bound_019048_110_000,GAGCTTGGGTGTGGGCACGTGCCCTGGAATGGGTTG,8943,Bound,9.09862638234618,GGGCACGTGCCC,GGCACGTGCC,GCACGTGC,CACGTG,strong
Bound_019494_110_000,CAGATTTCCCCTGACCACATGGTGAGGAGCCATTAA,9085,Bound,9.114379980830272,GACCACATGGTG,ACCACATGGT,CCACATGG,CACATG,strong
Bound_001709_011_000,ATATCAGACATATGACACGTGCCAGGGACTGCGACA,10762,Bound,9.283776690049365,TGACACGTGCCA,GACACGTGCC,ACACGTGC,CACGTG,strong
Bound_023312_001_000,GCGGGGTGGAGCGAGCACGCGGGCGGGGCGGGGCGG,8520,Bound,9.05017161982336,GAGCACGCGGGC,AGCACGCGGG,GCACGCGG,CACGCG,strong
Bound_011516_001_001,CCGGCCGGGCCCGGCCGCGTGCGCGCGGGAGGCGGG,10425,Bound,9.251962046667002,GGCCGCGTGCGC,GCCGCGTGCG,CCGCGTGC,CGCGTG,strong
Bound_000688_000_101,CCCCACTCACCCGGCCATGTGGTTTGGGACAGGGAA,8566,Bound,9.055556158175316,GGCCATGTGGTT,GCCATGTGGT,CCATGTGG,CATGTG,strong
Bound_007288_010_000,CACCCTGAGCTTGAACACGTGCCTCCTTCAACTGCT,9033,Bound,9.108639817149845,GAACACGTGCCT,AACACGTGCC,ACACGTGC,CACGTG,strong
Bound_008778_110_000,CCTCTGGATCAGCTCCACGTGCCTAGATTCAGACTC,10238,Bound,9.233861567017527,CTCCACGTGCCT,TCCACGTGCC,CCACGTGC,CACGTG,strong
Bound_013452_101_000,GCGCTGCAGACATTGCACGTGGACTTCTGCCGCAAC,11654,Bound,9.36340474770302,TTGCACGTGGAC,TGCACGTGGA,GCACGTGG,CACGTG,strong
Bound_002588_101_101,GGGCGCCGATTGGTCCGCGTGGACACATAAGAGGCT,12860,Bound,9.46187699779161,GTCCGCGTGGAC,TCCGCGTGGA,CCGCGTGG,CGCGTG,strong
Bound_018910_111_001,CAGACCCGCGGCCCCCACGTGCGCACTCCGATGACC,14658,Bound,9.592741540485797,CCCCACGTGCGC,CCCACGTGCG,CCACGTGC,CACGTG,strong
Bound_022967_001_000,CCTTTCCCAACCACCCGCGTGGGTGGCTCGGAAATC,16223,Bound,9.6941852674104,ACCCGCGTGGGT,CCCGCGTGGG,CCGCGTGG,CGCGTG,strong
Bound_026773_010_001,GTGAGCTGCAGATGCCGCGTGGTATCTGAGCTTCAT,17183,Bound,9.751675801946746,TGCCGCGTGGTA,GCCGCGTGGT,CCGCGTGG,CGCGTG,strong
Bound_005199_110_000,ATATTGTGTAGTTTCCACGTGCTCAGTATGACTAAT,18957,Bound,9.849928535441563,TTCCACGTGCTC,TCCACGTGCT,CCACGTGC,CACGTG,strong
Bound_016686_111_111,TCTTCGCCCCTCCCCCACGTGCTCTCAAATTCCCTC,19984,Bound,9.90268723236536,CCCCACGTGCTC,CCCACGTGCT,CCACGTGC,CACGTG,strong
Bound_005590_110_000,GGAAGGTCAGTGGACCACGTGCATCAGAATCAACAG,23173,Bound,10.050743086817882,GACCACGTGCAT,ACCACGTGCA,CCACGTGC,CACGTG,strong
Unbound_Myc1_109,CCCGGCGAGTCCCGGCCACCCGGCGCAGCCCTGGGC,1072,Unbound,6.977281341630747,CGGCCACCCGGC,GGCCACCCGG,GCCACCCG,CCACCC,unbound
Unbound_Myc2_087,CCAATATTCCTTTGTGAGACCCTCCACAAATGCTAA,1163,Unbound,7.0587581525186645,TGTGAGACCCTC,GTGAGACCCT,TGAGACCC,GAGACC,unbound
Unbound_Myc1_118,GGAGGGGATGCGGAAGGTTCTGCAGCTGCGGCGGCG,1262,Unbound,7.140453043101158,GAAGGTTCTGCA,AAGGTTCTGC,AGGTTCTG,GGTTCT,unbound
Unbound_Myc1_038,TGGTAGGTTCCGAGCAGGGGCTCCTTCTAGGGCGTT,1384,Unbound,7.232733136177615,AGCAGGGGCTCC,GCAGGGGCTC,CAGGGGCT,AGGGGC,unbound
Unbound_Myc1_075,GGAAACTGAGGTCCAGGGTGTGCGGTCCCCGGCCTC,1546,Unbound,7.343426229147367,CCAGGGTGTGCG,CAGGGTGTGC,AGGGTGTG,GGGTGT,unbound
Bound_000312_101_000,GGGCTAGCTCCGAGCCTCGTGCCCCGGCCTCCTCAG,1801,Bound,7.496097345175956,AGCCTCGTGCCC,GCCTCGTGCC,CCTCGTGC,CTCGTG,unbound
Bound_002056_111_000,CGATGGCACTGCCAACGCGTGCCCGCTGCAGTCCTG,1928,Bound,7.564238475170491,CAACGCGTGCCC,AACGCGTGCC,ACGCGTGC,CGCGTG,unbound
Bound_007116_010_000,GGGTCCTTCCTGGCCCACGCTGGCAGCACAGACCAA,2120,Bound,7.659171367666058,GCCCACGCTGGC,CCCACGCTGG,CCACGCTG,CACGCT,unbound
Bound_006566_001_001,CTGCGCAATACGCGGCACGCGCCAGGCCAAAGACTA,2260,Bound,7.723120092266331,CGGCACGCGCCA,GGCACGCGCC,GCACGCGC,CACGCG,unbound
Bound_019691_000_100,CTTTCTGGTTCTTTGCATGCGTTTGTCACTTTTTCT,2611,Bound,7.8674885686991285,TTGCATGCGTTT,TGCATGCGTT,GCATGCGT,CATGCG,unbound
Bound_025850_001_000,GGCGGGCAGTTCAGGCACGAGGCACAGGTCCCCCAT,2977,Bound,7.998671361015776,AGGCACGAGGCA,GGCACGAGGC,GCACGAGG,CACGAG,unbound
Unbound_Myc1_117,AAGCCCCGCCAGCGCGCTGTCGCCGGCGCTGGGCTC,1072,Unbound,6.977281341630747,CGCGCTGTCGCC,GCGCTGTCGC,CGCTGTCG,GCTGTC,unbound
Unbound_Myc1_039,GGTTCCGGGCCTGGTTCCTGGCGCAGTGGGGCCGGG,1154,Unbound,7.050989447068045,GGTTCCTGGCGC,GTTCCTGGCG,TTCCTGGC,TCCTGG,unbound
Unbound_Myc2_137,AGGCGCCATTCTCTCCACCATCACCCCTCCTATGTT,1231,Unbound,7.115582126184454,CTCCACCATCAC,TCCACCATCA,CCACCATC,CACCAT,unbound
Unbound_Myc2_012,AGATTTAAAAAAAAAAACAAACTAAAATTCTCTCCC,1465,Unbound,7.289610521451167,AAAAACAAACTA,AAAACAAACT,AAACAAAC,AACAAA,unbound
Unbound_Myc1_104,ACTGGACAACAGCCAATCAGCGCCTTGTTTACACTC,1617,Unbound,7.388327859577107,CCAATCAGCGCC,CAATCAGCGC,AATCAGCG,ATCAGC,unbound
Unbound_Myc1_028,GCACTGAAAAATATTCCATTGTCTGGAGGGACCCCA,1643,Unbound,7.404279118037268,ATTCCATTGTCT,TTCCATTGTC,TCCATTGT,CCATTG,unbound
Bound_026416_101_001,GCTGACTTGAAGAAACGCATGCCCCCTCCTCTGGTT,1815,Bound,7.503840746698951,AAACGCATGCCC,AACGCATGCC,ACGCATGC,CGCATG,unbound
Unbound_Myc1_113,CAGCGCAGGGTCCGGGTTCGCTGGGAGGCCGGCGGC,2017,Unbound,7.6093665379542115,CGGGTTCGCTGG,GGGTTCGCTG,GGTTCGCT,GTTCGC,unbound
Bound_014241_011_000,AGCAGCCGCCATCCCCACGTTGGGTGGCGAGATCCG,2291,Bound,7.736743682453495,CCCCACGTTGGG,CCCACGTTGG,CCACGTTG,CACGTT,unbound
Bound_001302_110_000,CAATGGCCCCCATTCCATGTGCAGGTTCAGTGCTCA,2546,Bound,7.842278779117352,TTCCATGTGCAG,TCCATGTGCA,CCATGTGC,CATGTG,unbound
Bound_007873_001_000,TTGGGCCCCCCACTCCACATGGGGATGCTCCCTGGG,2784,Bound,7.931644021454311,CTCCACATGGGG,TCCACATGGG,CCACATGG,CACATG,unbound
Unbound_Myc1_030,TGTGGAGCAAGGGAGACAGAAGCTCATTGGCTAGAG,1072,Unbound,6.977281341630747,GAGACAGAAGCT,AGACAGAAGC,GACAGAAG,ACAGAA,unbound
Unbound_Myc2_067,TTTCATTTGGATTAGTATTCACTACTTGTGCTTAGT,1196,Unbound,7.086737934510577,TAGTATTCACTA,AGTATTCACT,GTATTCAC,TATTCA,unbound
Unbound_Myc2_002,CTTTAGATTTTTTTCTTACCTTGTTCTAGCAATTAG,1324,Unbound,7.188412736496954,TTCTTACCTTGT,TCTTACCTTG,CTTACCTT,TTACCT,unbound
Unbound_Myc1_080,GCCAGGTAACCGCTCGGCGCGAACTGCCCGGCCGGG,1404,Unbound,7.247080584585756,CTCGGCGCGAAC,TCGGCGCGAA,CGGCGCGA,GGCGCG,unbound
Bound_001888_010_000,AGGACTAGTTGTCCCAGCGTGCCCTGCGCCTCAGCC,1600,Bound,7.3777589082278725,CCCAGCGTGCCC,CCAGCGTGCC,CAGCGTGC,AGCGTG,unbound
Unbound_Myc1_107,GCCCCGGTCTTACTCCTGGGCCTCTGGATTTGGGCC,1726,Unbound,7.453561871643373,CTCCTGGGCCTC,TCCTGGGCCT,CCTGGGCC,CTGGGC,unbound
Unbound_Myc2_141,CAGCCTGTTGTTGGCCAGATGGTCTGGGGTGAAACT,1827,Unbound,7.510430556378006,GGCCAGATGGTC,GCCAGATGGT,CCAGATGG,CAGATG,unbound
Unbound_Myc2_072,TACCAGGCATAGGACATTTTCCTTTAATCCTAATAA,2034,Unbound,7.617759576608505,GACATTTTCCTT,ACATTTTCCT,CATTTTCC,ATTTTC,unbound
Unbound_Myc2_027,CAAAGGATCATGAAGATTGAGGTTTCCAGACCTTGC,2422,Unbound,7.792348924113037,AAGATTGAGGTT,AGATTGAGGT,GATTGAGG,ATTGAG,unbound
Bound_009115_100_000,CAGGGCTGGGTCCACCTCATGGCCTTTGTTCTGGAA,2608,Bound,7.866338923046544,CACCTCATGGCC,ACCTCATGGC,CCTCATGG,CTCATG,unbound
Bound_026941_100_000,TCCTAAACAGGAAGCCATGAGGTGAGCAGAGACACT,2804,Bound,7.938802248154481,AGCCATGAGGTG,GCCATGAGGT,CCATGAGG,CATGAG,unbound
Unbound_Myc1_134,GACTGGACCCCAGAATTGTCCCGGCTTTCTCCCGAG,1063,Unbound,6.968850378341948,GAATTGTCCCGG,AATTGTCCCG,ATTGTCCC,TTGTCC,unbound
Unbound_Myc1_142,GCTCTCTGGAAGCCCCTGGACCCCTTTGGCACCCAC,1137,Unbound,7.036148493750536,CCCCTGGACCCC,CCCTGGACCC,CCTGGACC,CTGGAC,unbound
Unbound_Myc1_029,CCAGGCAGGTCCCTTATAGGGAGGCCTCATCCTCAG,1328,Unbound,7.191429330036379,CTTATAGGGAGG,TTATAGGGAG,TATAGGGA,ATAGGG,unbound
Unbound_Myc1_143,GAGGAAGCAGCCCTCGCCCCTGTCGGTGGAAAGAAG,1396,Unbound,7.241366283322318,CTCGCCCCTGTC,TCGCCCCTGT,CGCCCCTG,GCCCCT,unbound
Unbound_Myc1_050,ATTAAAGGGGCTTGGGCTGCTTGAAGCTACAATTAG,1570,Unbound,7.358830898342354,TGGGCTGCTTGA,GGGCTGCTTG,GGCTGCTT,GCTGCT,unbound
Unbound_Myc1_052,CCAGCCCAGCGCTCTGGGAGGCCCAGGCAGAAGGAT,1749,Unbound,7.466799475018602,TCTGGGAGGCCC,CTGGGAGGCC,TGGGAGGC,GGGAGG,unbound
Unbound_Myc1_092,TTAGAACCTCAACCTCCTCTGCAAAATGGAGCTGAC,1887,Unbound,7.54274354536855,CCTCCTCTGCAA,CTCCTCTGCA,TCCTCTGC,CCTCTG,unbound
Unbound_Myc2_112,AACCTAAAACAAAAAATCTATTATCTGATTGCAGGT,2041,Unbound,7.621195162809845,AAAATCTATTAT,AAATCTATTA,AATCTATT,ATCTAT,unbound
Bound_001846_010_000,CTGTTAGGCAACTTCAACGTGGGGAGAGCAGGGACT,2318,Bound,7.748460023899697,TTCAACGTGGGG,TCAACGTGGG,CAACGTGG,AACGTG,unbound
Unbound_Myc2_143,ACCAAAAAAAAAAAAAAAAAAAAAACTCATCCCCAA,2645,Unbound,7.8804263442924,AAAAAAAAAAAA,AAAAAAAAAA,AAAAAAAA,AAAAAA,unbound
Unbound_Myc1_105,GAGAATGGGGTGAACCCGGGAGGCGGAGCTTGCAGT,1001,Unbound,6.90875477931522,AACCCGGGAGGC,ACCCGGGAGG,CCCGGGAG,CCGGGA,unbound
Unbound_Myc2_004,AGGTTGTTGTTCTGTTTCTACTGCTGCTATTGCCTC,1099,Unbound,7.002155954403621,TGTTTCTACTGC,GTTTCTACTG,TTTCTACT,TTCTAC,unbound
Unbound_Myc1_037,ATAGCAGCCTCACTCATAACAGCCAAAAGGTGGAAA,1316,Unbound,7.182352111885263,CTCATAACAGCC,TCATAACAGC,CATAACAG,ATAACA,unbound
Unbound_Myc1_056,ACTGTCTTCACTGTGTCCCAAGTGTGTCTTCTCTCT,1404,Unbound,7.247080584585756,GTGTCCCAAGTG,TGTCCCAAGT,GTCCCAAG,TCCCAA,unbound
Unbound_Myc2_113,GAAGTCAAGGTCCTATGACTAGGAATGTTAAACTGG,1496,Unbound,7.310550158534422,CTATGACTAGGA,TATGACTAGG,ATGACTAG,TGACTA,unbound
Unbound_Myc2_051,TTTTTTTTTTTGGTTTTTTTTTTTTTTGGTTTTTTT,1646,Unbound,7.406103381237015,GTTTTTTTTTTT,TTTTTTTTTT,TTTTTTTT,TTTTTT,unbound
Unbound_Myc2_020,CTTAAAATGAAAACAAGTTTTCTAGCCACAGGAAGA,1958,Unbound,7.579678823090456,ACAAGTTTTCTA,CAAGTTTTCT,AAGTTTTC,AGTTTT,unbound
Unbound_Myc2_031,TAAATAAGGTTTATAGTTAAGTATTTAGTCTTAAGT,2095,Unbound,7.647308832356238,ATAGTTAAGTAT,TAGTTAAGTA,AGTTAAGT,GTTAAG,unbound
Bound_000530_110_000,TGGGAGATGGAAGAACATGTGCAGGCCCAAAGAGGG,3163,Bound,8.059276223305648,GAACATGTGCAG,AACATGTGCA,ACATGTGC,CATGTG,weak
Bound_015706_111_000,GCGCCCAGCGCACCCCACATGGCTGCCCCCAATGAC,3485,Bound,8.156223323194624,CCCCACATGGCT,CCCACATGGC,CCACATGG,CACATG,weak
Bound_012977_110_000,CTGCCCCAGGGCTACCGCATGGAGCAGCCTCGAAAC,3992,Bound,8.292047637431354,TACCGCATGGAG,ACCGCATGGA,CCGCATGG,CGCATG,weak
Bound_001907_000_101,CACTGTTGCTTCCCCCTCGTGGCTGTTGTGGATAAT,4177,Bound,8.337348564497175,CCCCTCGTGGCT,CCCTCGTGGC,CCTCGTGG,CTCGTG,weak
Bound_024212_000_001,AGGAGGAAGCGGCGCCGCGTGGAGTGGGCTGGCAGA,4866,Bound,8.490027523343468,CGCCGCGTGGAG,GCCGCGTGGA,CCGCGTGG,CGCGTG,weak
Bound_021083_001_000,AGTAGATGAACACACCACGAGGGCCTTATTATCCAA,5096,Bound,8.536211197252,CACCACGAGGGC,ACCACGAGGG,CCACGAGG,CACGAG,weak
Bound_002426_111_000,CCTACTGGGTTAAAGCACATGGCATTAAAGGCCATT,8333,Bound,9.027978814382207,AAGCACATGGCA,AGCACATGGC,GCACATGG,CACATG,strong
Bound_011555_010_000,AGCTGGGATTACAGGCACGTGCCACCATAACCAGCT,9752,Bound,9.185227671161108,AGGCACGTGCCA,GGCACGTGCC,GCACGTGC,CACGTG,strong
Bound_006749_000_100,GTGAGCTTGACATGCCATGTGCTCTCCAGACCAAGG,10284,Bound,9.23834456838578,TGCCATGTGCTC,GCCATGTGCT,CCATGTGC,CATGTG,strong
Bound_020638_001_000,CCGCCGCCCAAGGCCCGCGTGGGCCTGCTCGGCTGG,11699,Bound,9.367258647047601,GCCCGCGTGGGC,CCCGCGTGGG,CCGCGTGG,CGCGTG,strong
Bound_023210_101_101,CAGCGCTGCGGCCGCCACGCGGCACCCGCACCCAGG,12137,Bound,9.404013917106361,CGCCACGCGGCA,GCCACGCGGC,CCACGCGG,CACGCG,strong
Bound_027694_001_100,GGCTCCGCCCCCGCCCATGCGGTCCCTCCAGGCGGG,8275,Bound,9.020994200245264,GCCCATGCGGTC,CCCATGCGGT,CCATGCGG,CATGCG,strong
Bound_018710_111_000,GAGTGGCCGGCCGACCTCGTGGCGCAACGGTAGCGC,9399,Bound,9.148358579620302,GACCTCGTGGCG,ACCTCGTGGC,CCTCGTGG,CTCGTG,strong
Bound_022906_111_001,ATCTCCTGGGGCGACCACGAGGTCACCCGTCCAGGT,10140,Bound,9.224243277145174,GACCACGAGGTC,ACCACGAGGT,CCACGAGG,CACGAG,strong
Bound_006918_010_100,GAAAACCAGCGAGACCGCATGGTCTCACTTATAAGT,9440,Bound,9.152711259139547,GACCGCATGGTC,ACCGCATGGT,CCGCATGG,CGCATG,strong
Bound_016880_110_000,AGGGAGTTCTCACACCATGTGGGTGGGATTGTAACT,8145,Bound,9.005159521036145,CACCATGTGGGT,ACCATGTGGG,CCATGTGG,CATGTG,strong
Bound_008595_001_000,ACACTGAGCTTCCTCCACGTGCCCAGGTCCTGGCAG,9232,Bound,9.13043098874788,CTCCACGTGCCC,TCCACGTGCC,CCACGTGC,CACGTG,strong
Bound_009855_000_001,GTGTCTCCATTGGGGCACGTGTTTATATGTTTATAA,10924,Bound,9.298717482593595,GGGCACGTGTTT,GGCACGTGTT,GCACGTGT,CACGTG,strong
