sequence,bind_avg,binding_type,improving
GAGGAAGCAGCCCTCGCCCCTGTCGGTGGAAAGAAG,-0.4586337166776824,0,1
GCAGCCGAGGCGGAGAGAGAGAGAGGACAGCTTACG,-0.7033185118234613,0,1
ATCTGATCAAAACAACGAATTCCAAAACAAAGTAAT,-0.500321654308828,0,1
CCAATATTCCTTTGTGAGACCCTCCACAAATGCTAA,-0.6412418474813357,0,1
GAGGACGCGAACCGGCACGCTGCGCCTTTAAGGAGT,-0.3841164954902147,0,1
AGGTAGTTTTCATAGTTTTTTTTTTTTTAACTTTTT,-0.2806194170813079,0,1
CCTAGGATTCCCAGGCAGTTTTACAGCTACCCTGGA,-0.8414349652086353,0,1
CCCCCAGCGCTCCGGCACGCGCCGGGAGACCTCCGG,-0.1830227753956794,0,1
TCAGATTTGGGTATCCGCATGGAGTGCCCTCTGGCG,-0.0129198442168654,0,1
AGAGGTAGGGTTAGGCGCGTGCCGCGAGAACAGAGT,0.0363070965482847,1,0
CAGGGCTGGGTCCACCTCATGGCCTTTGTTCTGGAA,0.1663389230465437,1,0
TCTGATGTCCTGGGACATGTGCTGGGTGCTCCTGGC,0.2262415231709615,1,0
GGCGGCGGCAGCTGCAGCGTGCAGCGCTGGGAGGCC,-0.4248276805472288,0,1
TAAGGGGTGACCCAGCCGCTGCAGAGCCAGGGAAGG,-0.71066473402544,0,1
TAGAGCAAGAGGGAGGGAGCAAAGGCACTGCGGAGG,-0.5306499833294005,0,1
CCTCAGGGACTAGCTCTGTGAAACTGGCAGACTCCA,-0.6016243614092138,0,1
CTTCAGTGGCAGCTTCAGAAGGATAACCGGCACTTC,-0.3585161476368395,0,1
TTAACTGCCCAAGGACACATGCCCTGGGCTGGAACC,-0.2681080831922005,0,1
GTACACAATTTTTTACAAAATTTAAATTAAAACAAA,-0.8626671853144092,0,1
CAGTAAGAGCAAAACCTCGTGCCCCCCCCGCCCCCC,-0.1989178757401291,0,1
GAGCAACAGGGACCCCACGTTGGTGACCCTCCGCGG,-0.023526353610844,0,1
CCGGGGCTTAAGTTCCATGCGTTGGATTCCTCGCTT,0.0557671701029978,1,0
TTTCCCCTCGGGCTCCACGAGGATCTCGGGCGCCAG,0.1796699146042888,1,0
CGGGCCCAGCCGAGCAACGTGGGGCGAAGGCGGCGG,0.2398715763618826,1,0
AGAGCAAGGGCCCAGCAGAGGAGGAATTCCAGGGGA,-0.4359698571004706,0,1
CACTCCACTCCAGTTCACTCTATTCAGTTCCACTCC,-0.7311496216580524,0,1
CCAGGAAGGGTTGCTCCAGGCGACTCCCATCAGGGA,-0.500321654308828,0,1
CTCAGGAACAAGAGGGGCCCTCGACCCTCTGGAACC,-0.6524827786427041,0,1
GTGCAATCGCCCAGGGAACCCAAAAAGGAGCCCCGG,-0.3827875916401613,0,1
CGAAGAAAAAGAGCCTGAGAGACGGAGAAAGAGCGA,-0.2190078371304755,0,1
CCAGCCTGGACCGCCCCTGTGGGCTCCACTCCCCTC,-0.8372420869485993,0,1
CTTAAAATGAAAACAAGTTTTCTAGCCACAGGAAGA,-0.1203211769095444,0,1
AACCTAAAACAAAAAATCTATTATCTGATTGCAGGT,-0.0788048371901553,0,1
TCCCCTTGGGAAGAGCACGCGGCGTTGCCAGGCCAA,0.3580108008020852,1,0
GGAAGCTGTGAAATCCGCGTGCACACCCATCCCAAA,0.4455496317835843,1,0
CCACTGCACTCCGGCCTCGTGGCGGGCGACCTCCTC,0.6666028327837354,1,0
AGAGAAGCAGAGATCCACGAGGTATTGAGAGCAACG,0.7268307513358456,1,0
CTGCCTGCTGGCGGCCATGTGCGCGCCCATCCCCCA,1.227181388251986,1,0
TGCGACCTTGAAGGCCGCATGGTTGTGTAACATCTT,0.8163928712454682,1,0
AGAGGTTTAGAGAACCACATGGAAAAAAGGCAGGGC,1.1386968123435297,1,0
TAACCTAAAAGTGGCCATGAGGTCTGAGATGCTATT,0.54380842366528,1,0
CGGCGCCTGAGTTACCATGCGGCCGTTACTAGGGCA,0.917762246337932,1,0
CTGACTGACTGAGGACACGTGCCAGTGGTCCGCCAG,1.096490207333578,1,0
TCCGCCTCCGTCCCCCACGTTGCGTTCTGGGAGTTG,0.3339827346832207,1,0
ATACTCCACCTAGACCTCATGGCCTCGCCACTCTCA,0.435053908611569,1,0
ACATTTTTGGCCTGCAACGTGGGGACTCAAGAAGCA,0.6140973354058064,1,0
CTGTCCTCTCTCGCCCACGCTGCCTGGGAGGCGCGC,0.3090306850697297,1,0
TTAGAAAAATAGTTTAAAATCTAGAGTTAATTAACC,0.3026941622839372,1,0
TTTCTGCCTCCCAGGCACATGGAGGGTTGACACCTC,0.3452677166078031,1,0
GGCAGATGCTGGGAGCACGAGGCAATTTCTTTATGA,0.4872992701551473,1,0
CTCGGAGCCTTGCCCCACGCGGAGAGGGCAGCCGGA,0.6131167028192523,1,0
TCTCCCCTTCCTCTCCGCGTGGCGGGCGCGGGTGCG,0.7180356198830191,1,0
CAATGACTGCTGGGGCACGTGCCAGCCTCGGTAGAG,1.2295677078253364,1,0
ATCCCTGGCTGTTTCCATGTGGCAGATCTGAGGAGC,0.8857859828818482,1,0
AACTTGAGATGTCCCCACGTGCCCCTCCCCCTCAGC,1.1502309655888157,1,0
TCCTTATTACCAAACCTCGTGCCACAAATGGCCCCA,0.5340342076920406,1,0
CAACTGGCTTTCAAACATGTGGTGTGCACAGTTGGT,0.9559111107280592,1,0
ATCAAAATATGAGAGCACATGTTTGCTGCCATTAGA,1.0648342143308345,1,0
ATTAGTCAGTGGAGACATGTGCTGGACTTACTCAGT,0.3589600177694168,1,0
CTGGAGCCTGAAGTCCACGCGCGCGGCTGAGAACCG,0.4847926541650773,1,0
GAACAGACTGGCCTCCACATGTTAAGTAAAACATTT,0.6308636132247445,1,0
GGGCGGCCCGCGGGCCATGCGTTCGGCGCGGCCCAG,0.7403121470802789,1,0
AGCGAGCCCAGGTGGCACGTGTCAGCCAGGCAGCCC,1.264439833539357,1,0
CCCCGCACCCACACGCGCGTGGAAGGGCCTGGATTC,0.8293193712140772,1,0
CTCAGGGCAGTTGGGCACGTGGGGTCCGGCTGGTTG,1.1674274385249823,1,0
CTCAGCGATGAGGAACACGCGGAAGTGTGGCCGGGC,0.5682188800675059,1,0
ATCCGAAACCCAGCCCACGTGGGTTCCCAGACCACC,2.4828223835000798,2,0
CTGCCAGAATCCGCCCACATGGCCCAAGCCCCGCCC,1.413388845899731,2,0
CCTGTAGACGTCGGCCACGCGGCCGAGGCATACGGC,2.122440173682804,2,0
CTCAGCCCTTGGCGCCGCGTGGCTCTCCGCCCCTCT,1.9035979369766016,2,0
TACTTCTTAACTGACCATGTGGTCAGTTAAGGCCAC,1.6549600615861282,2,0
CCGAGGAGGGCGGACCACGAGGTCAGGAGATGGAGA,1.5292602568286917,2,0
TGCACCTCCCCGGACCTCGTGGTGAGGGAGAAAGCT,1.356956065076823,2,0
CCCCTTCTTAAACCCCATGCGGTCCCGGCCCGGGCC,1.7158086316103836,2,0
GGTTACCCGGGCAACCGCATGGTCTCGCGATACATA,1.4477200099945169,2,0
TTAACTTCATCTGCGCACGTGGGCCGCGTCTTTAGT,2.430264495082759,2,0
TGCTTGCTTCTTTACCATGTGCTCAGAGGCCACTTA,1.4020867865359277,2,0
AAGCTACTTGACTGCCACGTGCTCCTGCCTCGCAAC,2.133815879286808,2,0
GTTACCAAATATGGACACGTGTATTAAGTTGTGAAG,1.9238397851126685,2,0
GGCCCCAGCTGCCTCCACGTGTCTCTTCTCCTGACT,1.64084218004034,2,0
ACCAACCCCTTGGGGCACGTGTTCTCAGGAGTTCCT,1.5961510283892926,2,0
CGGCTTTTTCTTGAACACGTGGAATATACTAGCGCT,2.2763197111857982,2,0
GCGCTGGGAGGCGAACACGTGCCCGCCGCCCCATCC,1.8313363234578963,2,0
TCTTGGTCTGAAGAGCACATGGCATGTCAAGGTCAC,1.3752076979846857,2,0
AATCAGAGAAACTCACACGCGGAGTTTTAAATAATG,2.0356604418926283,2,0
CACCCCTCCCGCGGGCACGTGCCCAGGCTTGCAGGC,1.4631439371452073,2,0
CCGGCCGGGCCCGGCCGCGTGCGCGCGGGAGGCGGG,1.5519620466670014,2,0
GCGGGGTGGAGCGAGCACGCGGGCGGGGCGGGGCGG,1.350171619823359,2,0
TTTCTCTACCAAATCCACGTGGAGGCGCAGGCCAGA,2.443881457256865,2,0
AGAGGGGAATCTTTCCACGTGCACCCAGTTCTTTTT,1.415370134384955,2,0
AGCCGCTGCCGCCCCCACGTGGCAAATCTGGGGCTC,2.1612583183183918,2,0
TTTTCTTTCCGTGGCCACGTGCAGACTGGCCCAGGT,1.9836510269794132,2,0
CAGCTCAGAGCCCACCACGTGCCTCTGCAGCTTCTG,1.6317612271805215,2,0
GCAACGCCCCCTTCCCACGTGGTCTTCTCCCTCTCC,3.0627633896827406,2,0
ATTGCCCGAGCCCGCCACGTGGCAGTCTGGGCCGAA,2.7284823182163107,2,0
CCGGGAGGCGGTTAGCACGTGGATGAAGGTGCCCAT,1.571623600393079,2,0
TGACCTTGGCCAGGCCACGTGGGCGCCCCCTGTCTC,2.5905510514637404,2,0
AAGAGATGAGAAATACACGTGTTTGGACAAAAGACT,2.268197933904884,2,0
CTGGGTGTGGCCTGGCACGTGGCTCACACTTGTAAT,1.895262578853015,2,0
TCTCACCCCTATGGACAGGATCAAGTACTGTGGCTC,-0.4049435835373698,0,1
TGTGGAGCAAGGGAGACAGAAGCTCATTGGCTAGAG,-0.7227186583692529,0,1
CTTTAGATTTTTTTCTTACCTTGTTCTAGCAATTAG,-0.5115872635030465,0,1
TGTTTTGTTTTATTTTTTTCCCCAGCAGTGAATCTA,-0.6851856487244552,0,1
CGGTGTCCTGGAGGGTCAGGTCAAGAGAGACTTGTG,-0.3203678473904476,0,1
GGGCTAGCTCCGAGCCTCGTGCCCCGGCCTCCTCAG,-0.2039026548240441,0,1
AGAACCTCTGGCTCGCGCGTGCCTTTTCCCCTCAGG,-0.1482877846486898,0,1
GCGCAGCGAGGGCTGCACGCTGCCCGGACGCCGGCT,-0.0092568364581282,0,1
CTGCGCAATACGCGGCACGCGCCAGGCCAAAGACTA,0.023120092266331,1,0
CTTTCTGGTTCTTTGCATGCGTTTGTCACTTTTTCT,0.1674885686991283,1,0
CCGACCACTGGGATCCACATGTCCTTGTCTCTCAGG,0.2655455731299918,1,0
TTTTTTTTTTTTTTGAGAAAATGAAGACAATTATCT,-0.4906597433970905,0,1
TACCACCTAATTTACAGGGCTGTAGTGAGGATTACA,-0.7852691072814375,0,1
GTCGGCTATCGCTTTGCCTCGAGCTTCCTGCTGATG,-0.5508684014425933,0,1
TTCCTACTAACAGCGAGCTTCCGCCAATACTTGTTC,-0.6559671027253149,0,1
TTTAACCATCATCGGGACTTGGATTTTTTCAATTTA,-0.3475588997564172,0,1
TCATCAGGAAACTGAGACCAGAGAGGTCATCTGCCT,-0.2423907102843943,0,1
GAGATGGGCAGACGGCACGAGGAGTCGGGCAGCAGT,-0.1684476185927108,0,1
AGTCAGCTCGGGAGACGCATGCCACCCGATAGGAGT,-0.04271720702181,0,1
GTGGAGCAGATGTGGCATGTGTCCCGGGCTTCCTGC,0.0191298409067322,1,0
GTAGTGCATAGCTACCTCATGGGCTACAGCCAGCTC,0.1563195714065877,1,0
TCCTAAACAGGAAGCCATGAGGTGAGCAGAGACACT,0.2388022481544807,1,0
GGCGCTCAATCTATGGTAGACTTCAATGAAAAACTG,-0.4408838719028995,0,1
CCCGGCGAGTCCCGGCCACCCGGCGCAGCCCTGGGC,-0.7227186583692529,0,1
AAAACAAAACAAAACAAAACAAAACAAAAACAAGTT,-0.5306499833294005,0,1
GGCCCTTACTCCCTTCGGCTCCTAGCCCCGGCCCCG,-0.6664935157123031,0,1
TCAAGTCCTGCCTCCAGCGTGCAGTAGCTCTGTAAG,-0.3172535502610882,0,1
GCCCCGGTCTTACTCCTGGGCCTCTGGATTTGGGCC,-0.246438128356627,0,1
CAGCCTGTTGTTGGCCAGATGGTCTGGGGTGAAACT,-0.1895694436219939,0,1
TGCTACTGTGTCCCCCACGTTGGAGTGGCTTTGGAG,-0.043662833569817,0,1
CAAAGGATCATGAAGATTGAGGTTTCCAGACCTTGC,0.092348924113037,1,0
ACCAAAAAAAAAAAAAAAAAAAAAACTCATCCCCAA,0.1804263442923996,1,0
GGCTCGCCTGAGGGCAACGTGGGGCTTCCTGCTTTG,0.2487384548136102,1,0
TGGAAAGTAAATAATCCATTTAAGACAGAACAATAG,-0.4847600212699028,0,1
GGGCTCCCAGGGGCTGCTGCTGCCTTTCCGGTCTTG,-0.7511027776866879,0,1
ATGGGTGGCACTCAATCTGCAAATGCAAAAACAAGA,-0.5025646459034094,0,1
CATTAAATGGCACCACAATCTTAAATGCCCATCCAG,-0.6267302825402901,0,1
GCCTGCGGGGTCCCGGTAGGGATACAGGACCAAGAC,-0.3591644458767256,0,1
TCCAGTGGCCCCAGGAGGGCCTGGGTGCTCCTCTGC,-0.2395096941746626,0,1
TTAGAACCTCAACCTCCTCTGCAAAATGGAGCTGAC,-0.1572564546314501,0,1
TATTTTTAGTAGAAATGGGGTTTCACCATTGTTGGC,-0.0876631628322544,0,1
TCCAATAAAAAAGAATAAAAAAGAAATACCTGGGTC,0.0177962110135814,1,0
GACACTAAGCTTCTTCCCAGGTTTTCAGATTCCGAA,-0.4951074897953269,0,1
GAGAATGGGGTGAACCCGGGAGGCGGAGCTTGCAGT,-0.7912452206847798,0,1
GTGAGTCCCAGCTAATCCGAGCGGACAGGCCTGAAT,-0.50331342916565,0,1
GCGGCCGGCCCCGCGCAGCGTCCCTGATCTAGGGGC,-0.6498774797309412,0,1
TTAGAATGAAAAATAATCTTTAGAATCTAAACTCCA,-0.3585161476368395,0,1
AGAGTTTAATTTATTGAAGCCATTTCTACTTTTATT,-0.2860297098095561,0,1
TTTTGTTTTTTCTGTGTCCATTATTTAGTACCCAGT,-0.1835666970843679,0,1
TACCAGGCATAGGACATTTTCCTTTAATCCTAATAA,-0.0822404233914948,0,1
AGTAAACAGTCCGTTAATGAAATTTGCAGAGGATAT,0.0048119229325935,1,0
CCAGCTCTCCACCGCCGCGTGCGCCTGCAGACGCTC,0.4533497579988923,1,0
GTCCTATGGAGCAGCCACGCGGAGCGCTCCCCTGGG,0.6744768892146427,1,0
CCGCGTTCTTGCGCCCATGCGGCCTAGCTCGCCAGT,0.7305453846905658,1,0
GCCAGGGACAGCTCCCACGTGCCCCGCGGCCTCTGG,1.2632882756102974,1,0
TTGTGCCTGGGCCACCATGTGCCTTAAATTATAAAG,0.8463635687160176,1,0
ATCTGTCACCATTAGCACATGGTGCTGTCGTCCCAT,1.145345196421732,1,0
GCCTTTCTCAGGCTCCACGTGGTGACGAGATGGTTG,2.4899438740620896,2,0
TCACTCGGGCACTTCCGCGTGGAATAGGAGGCGCCA,1.4358323198011211,2,0
TATTGAGGGCCGCACCACGCGGTCGCCCTGCGCGGC,2.169310100734541,2,0
AGTCATACACAAGGCCATGTGCTCATCCAGAAAGCG,1.676701909191407,2,0
ATCTCCTGGGGCGACCACGAGGTCACCCGTCCAGGT,1.5242432771451735,2,0
TGACTCAGTCAAGGCCACATGGCAAGTGAGTGGGTG,1.3321701863047035,2,0
AACCACTCGACTGACCTCGTGGTCAAATTCCTTACT,1.4721191591559846,2,0
ACATAGGGACGGGGCCATGCGGTGGGCGGGTGGAAC,1.3749787340455066,2,0
GAAAACCAGCGAGACCGCATGGTCTCACTTATAAGT,1.452711259139547,2,0
CGCGGAGACCCGAAGCACGTGGTATCCATACTAGTT,2.4218597389714462,2,0
GCCCCCGACCCCGCGCACGCGGCCCCGCCCCGCGCG,1.405868350379472,2,0
ATTAGCCAAACTAAACACGTGTATTGATTTTAGATG,2.184406664723336,2,0
